<?xml version="1.0" encoding="utf-8"?>
<extension version="3.0" type="plugin" group="system">
    <name>System - Social Login</name>
    <license>GNU/GPL</license>
    <author>LoginRadius</author>
    <authorEmail>developers@loginradius.com</authorEmail>
    <authorUrl>http://www.loginradius.com</authorUrl>
    <creationDate>2015-Nov-18</creationDate>
    <copyright>2013, LoginRadius</copyright>
    <version>4.0</version>
    <description>
        LoginRadius enables social login for your joomla websites.
    </description>
    <files>
        <file plugin="sociallogin">sociallogin.php</file>
        <file>LoginRadius.php</file>
        <file>sociallogin.xml</file>
        <folder>assets</folder>
        <folder>helper</folder>
        <file>index.html</file>
    </files>
</extension>