<?xml version="1.0" encoding="utf-8"?>
<extension version="6.0.0" type="plugin" group="system">
    <name>User Registration Plugin</name>
    <license>GNU/GPL</license>
    <author>LoginRadius</author>
    <authorEmail>developers@loginradius.com</authorEmail>
    <authorUrl>http://www.loginradius.com</authorUrl>
    <creationDate>2017-01-01</creationDate>
    <copyright>2017 to till</copyright>
    <version>6.0.0</version>
    <description>
        LoginRadius enables User Registration for your joomla websites.
    </description>
    <files>
        <file plugin="userregistration">userregistration.php</file>
        <file>index.html</file> 
        <file>customhttpclient.php</file>
        <folder>css</folder>
        <folder>js</folder>
        <folder>helper</folder>
        <folder>LoginRadiusSDK</folder>
        <filename>userregistration.xml</filename> 
    </files>
</extension>