<?xml version="1.0" encoding="utf-8"?>
<extension version="6.0.0" type="plugin" group="system">
    <name>Hosted Page Plugin</name>
    <license>GNU/GPL</license>
    <author>LoginRadius</author>
    <authorEmail>developers@loginradius.com</authorEmail>
    <authorUrl>http://www.loginradius.com</authorUrl>
    <creationDate>2017-01-01</creationDate>
    <copyright>2017 to till</copyright>
    <version>6.0.0</version>
    <description>
        LoginRadius enables Hosted Page for your joomla websites.
    </description>
    <files>
        <file plugin="hostedpage">hostedpage.php</file>
        <filename>hostedpage.xml</filename> 
        <file>index.html</file>
    </files>
</extension>