<?xml version="1.0" encoding="utf-8"?>
<extension type="module" version="7.0.0" client="site" method="upgrade">
    <name>Ciam Module</name>
    <creationDate>2017-08-01</creationDate>
    <author>LoginRadius</author>
    <authorEmail>developers@loginradius.com</authorEmail>
    <authorUrl>www.LoginRadius.com</authorUrl>
    <copyright>Copyright (C) 2017 - till Open Source Matters. All rights reserved.</copyright>
    <license>GPL 2.0</license>
    <version>7.0.0</version>
    <description>LoginRadius enables ciam for your joomla websites.</description>
    <files>
        <filename module="mod_ciam">mod_ciam.php</filename>
        <folder>tmpl</folder>
        <filename>mod_ciam.xml</filename>
        <file>index.html</file>
    </files>
</extension>