<?xml version="1.0" encoding="utf-8"?>
<extension version="7.0.1" type="plugin" group="system">
    <name>Ciam Plugin</name>
    <license>GNU/GPL</license>
    <author>LoginRadius</author>
    <authorEmail>developers@loginradius.com</authorEmail>
    <authorUrl>http://www.loginradius.com</authorUrl>
    <creationDate>2017-08-01</creationDate>
    <copyright>2017 to till</copyright>
    <version>7.0.1</version>
    <description>
        LoginRadius enables Ciam for your joomla websites.
    </description>
    <files>
        <file plugin="ciam">ciam.php</file>
        <file>index.html</file> 
        <file>customhttpclient.php</file>
        <folder>css</folder>    
        <folder>helper</folder>
        <folder>LoginRadiusSDK</folder>
        <filename>ciam.xml</filename> 
    </files>
</extension>