<?xml version="1.0" encoding="utf-8"?>
<extension version="5.0" type="plugin" group="content">
    <name>Social Share Plugin</name>
    <license>GNU/GPL</license>
    <author>LoginRadius</author>
    <authorEmail>developers@loginradius.com</authorEmail>
    <authorUrl>http://www.loginradius.com</authorUrl>
    <creationDate>2016-01-01</creationDate>
    <copyright>2016 to till</copyright>
    <version>5.0</version>
    <description>
        LoginRadius enables social share for your joomla websites.
    </description>
    <files>
        <file plugin="socialshare">socialshare.php</file>
        <file>socialshare.js</file>
        <filename>socialshare.xml</filename> 
        <file>index.html</file> 
    </files>
</extension>