<?xml version="1.0" encoding="utf-8"?>
<extension version="5.0" type="plugin" group="system">
    <name>Single Sign On Plugin</name>
    <license>GNU/GPL</license>
    <author>LoginRadius</author>
    <authorEmail>developers@loginradius.com</authorEmail>
    <authorUrl>http://www.loginradius.com</authorUrl>
    <creationDate>2016-01-01</creationDate>
    <copyright>2016 to till</copyright>
    <version>5.0</version>
    <description>
        LoginRadius enables Single Sign On for your joomla websites.
    </description>
    <files>
        <file plugin="singlesignon">singlesignon.php</file>
        <filename>singlesignon.xml</filename> 
        <file>index.html</file>
    </files>
</extension>