<?xml version="1.0" encoding="utf-8"?>
<extension version="3.0" type="plugin" group="system">
    <name>System - Social Login and Social Share</name>
    <license>GNU/GPL</license>
    <author>LoginRadius</author>
    <authorEmail>developers@loginradius.com</authorEmail>
    <authorUrl>http://www.loginradius.com</authorUrl>
    <creationDate>2015-July-13</creationDate>
    <copyright>2012 to till</copyright>
    <version>3.9</version>
    <description>
        LoginRadius enables social login for your joomla websites.
    </description>
    <files>
        <file plugin="socialloginandsocialshare">socialloginandsocialshare.php</file>
        <file>LoginRadius.php</file>
        <file>socialloginandsocialshare.xml</file>
		<folder>assets</folder>
		<folder>helper</folder>
		<file>index.html</file>
    </files>
</extension>